filepath,filetype,year,month_folder,statement_folder,statement_date,month,quarter,source_id
data/Transactions/Transacciones\2024\01 January\04-01-24\DataTrans_0.csv,csv,2024,01 January,04-01-24,2024-01-04,1,1,2024-01-04_000
data/Transactions/Transacciones\2024\01 January\04-01-24\DataTrans_1.xlsx,xlsx,2024,01 January,04-01-24,2024-01-04,1,1,2024-01-04_001
data/Transactions/Transacciones\2024\01 January\11-01-24\DataTrans_0.csv,csv,2024,01 January,11-01-24,2024-01-11,1,1,2024-01-11_000
data/Transactions/Transacciones\2024\01 January\11-01-24\DataTrans_1.csv,csv,2024,01 January,11-01-24,2024-01-11,1,1,2024-01-11_001
data/Transactions/Transacciones\2024\01 January\11-01-24\DataTrans_2.csv,csv,2024,01 January,11-01-24,2024-01-11,1,1,2024-01-11_002
data/Transactions/Transacciones\2024\01 January\11-01-24\DataTrans_3.csv,csv,2024,01 January,11-01-24,2024-01-11,1,1,2024-01-11_003
data/Transactions/Transacciones\2024\01 January\26-01-24\DataTrans_0.csv,csv,2024,01 January,26-01-24,2024-01-26,1,1,2024-01-26_000
data/Transactions/Transacciones\2024\01 January\26-01-24\DataTrans_1.xlsx,xlsx,2024,01 January,26-01-24,2024-01-26,1,1,2024-01-26_001
data/Transactions/Transacciones\2024\01 January\26-01-24\DataTrans_2.xlsx,xlsx,2024,01 January,26-01-24,2024-01-26,1,1,2024-01-26_002
data/Transactions/Transacciones\2024\01 January\26-01-24\DataTrans_3.xlsx,xlsx,2024,01 January,26-01-24,2024-01-26,1,1,2024-01-26_003
data/Transactions/Transacciones\2024\02 February\04-02-24\DataTrans_0.xlsx,xlsx,2024,02 February,04-02-24,2024-02-04,2,1,2024-02-04_000
data/Transactions/Transacciones\2024\02 February\04-02-24\DataTrans_1.csv,csv,2024,02 February,04-02-24,2024-02-04,2,1,2024-02-04_001
data/Transactions/Transacciones\2024\02 February\07-02-24\DataTrans_0.xlsx,xlsx,2024,02 February,07-02-24,2024-02-07,2,1,2024-02-07_000
data/Transactions/Transacciones\2024\02 February\07-02-24\DataTrans_1.csv,csv,2024,02 February,07-02-24,2024-02-07,2,1,2024-02-07_001
data/Transactions/Transacciones\2024\02 February\07-02-24\DataTrans_2.csv,csv,2024,02 February,07-02-24,2024-02-07,2,1,2024-02-07_002
data/Transactions/Transacciones\2024\02 February\08-02-24\DataTrans_0.xlsx,xlsx,2024,02 February,08-02-24,2024-02-08,2,1,2024-02-08_000
data/Transactions/Transacciones\2024\02 February\08-02-24\DataTrans_1.csv,csv,2024,02 February,08-02-24,2024-02-08,2,1,2024-02-08_001
data/Transactions/Transacciones\2024\02 February\11-02-24\DataTrans_0.csv,csv,2024,02 February,11-02-24,2024-02-11,2,1,2024-02-11_000
data/Transactions/Transacciones\2024\02 February\11-02-24\DataTrans_0.xlsx,xlsx,2024,02 February,11-02-24,2024-02-11,2,1,2024-02-11_001
data/Transactions/Transacciones\2024\02 February\11-02-24\DataTrans_1.xlsx,xlsx,2024,02 February,11-02-24,2024-02-11,2,1,2024-02-11_002
data/Transactions/Transacciones\2024\02 February\11-02-24\DataTrans_2.xlsx,xlsx,2024,02 February,11-02-24,2024-02-11,2,1,2024-02-11_003
data/Transactions/Transacciones\2024\02 February\11-02-24\DataTrans_3.xlsx,xlsx,2024,02 February,11-02-24,2024-02-11,2,1,2024-02-11_004
data/Transactions/Transacciones\2024\02 February\11-02-24\DataTrans_4.csv,csv,2024,02 February,11-02-24,2024-02-11,2,1,2024-02-11_005
data/Transactions/Transacciones\2024\02 February\12-02-24\DataTrans_0.xlsx,xlsx,2024,02 February,12-02-24,2024-02-12,2,1,2024-02-12_000
data/Transactions/Transacciones\2024\02 February\12-02-24\DataTrans_1.xlsx,xlsx,2024,02 February,12-02-24,2024-02-12,2,1,2024-02-12_001
data/Transactions/Transacciones\2024\02 February\12-02-24\DataTrans_2.xlsx,xlsx,2024,02 February,12-02-24,2024-02-12,2,1,2024-02-12_002
data/Transactions/Transacciones\2024\02 February\12-02-24\DataTrans_3.csv,csv,2024,02 February,12-02-24,2024-02-12,2,1,2024-02-12_003
data/Transactions/Transacciones\2024\02 February\12-02-24\DataTrans_4.xlsx,xlsx,2024,02 February,12-02-24,2024-02-12,2,1,2024-02-12_004
data/Transactions/Transacciones\2024\02 February\14-02-24\DataTrans_0.xlsx,xlsx,2024,02 February,14-02-24,2024-02-14,2,1,2024-02-14_000
data/Transactions/Transacciones\2024\02 February\14-02-24\DataTrans_1.xlsx,xlsx,2024,02 February,14-02-24,2024-02-14,2,1,2024-02-14_001
data/Transactions/Transacciones\2024\02 February\14-02-24\DataTrans_2.xlsx,xlsx,2024,02 February,14-02-24,2024-02-14,2,1,2024-02-14_002
data/Transactions/Transacciones\2024\02 February\14-02-24\DataTrans_3.csv,csv,2024,02 February,14-02-24,2024-02-14,2,1,2024-02-14_003
data/Transactions/Transacciones\2024\02 February\16-02-24\DataTrans_0.csv,csv,2024,02 February,16-02-24,2024-02-16,2,1,2024-02-16_000
data/Transactions/Transacciones\2024\02 February\16-02-24\DataTrans_1.xlsx,xlsx,2024,02 February,16-02-24,2024-02-16,2,1,2024-02-16_001
data/Transactions/Transacciones\2024\02 February\16-02-24\DataTrans_2.xlsx,xlsx,2024,02 February,16-02-24,2024-02-16,2,1,2024-02-16_002
data/Transactions/Transacciones\2024\02 February\17-02-24\DataTrans_0.csv,csv,2024,02 February,17-02-24,2024-02-17,2,1,2024-02-17_000
data/Transactions/Transacciones\2024\02 February\17-02-24\DataTrans_0.xlsx,xlsx,2024,02 February,17-02-24,2024-02-17,2,1,2024-02-17_001
data/Transactions/Transacciones\2024\02 February\17-02-24\DataTrans_1.xlsx,xlsx,2024,02 February,17-02-24,2024-02-17,2,1,2024-02-17_002
data/Transactions/Transacciones\2024\02 February\17-02-24\DataTrans_2.xlsx,xlsx,2024,02 February,17-02-24,2024-02-17,2,1,2024-02-17_003
data/Transactions/Transacciones\2024\02 February\17-02-24\DataTrans_3.csv,csv,2024,02 February,17-02-24,2024-02-17,2,1,2024-02-17_004
data/Transactions/Transacciones\2024\02 February\17-02-24\DataTrans_4.xlsx,xlsx,2024,02 February,17-02-24,2024-02-17,2,1,2024-02-17_005
data/Transactions/Transacciones\2024\02 February\18-02-24\DataTrans_0.csv,csv,2024,02 February,18-02-24,2024-02-18,2,1,2024-02-18_000
data/Transactions/Transacciones\2024\02 February\18-02-24\DataTrans_1.csv,csv,2024,02 February,18-02-24,2024-02-18,2,1,2024-02-18_001
data/Transactions/Transacciones\2024\02 February\18-02-24\DataTrans_1.xlsx,xlsx,2024,02 February,18-02-24,2024-02-18,2,1,2024-02-18_002
data/Transactions/Transacciones\2024\02 February\18-02-24\DataTrans_2.xlsx,xlsx,2024,02 February,18-02-24,2024-02-18,2,1,2024-02-18_003
data/Transactions/Transacciones\2024\02 February\18-02-24\DataTrans_3.csv,csv,2024,02 February,18-02-24,2024-02-18,2,1,2024-02-18_004
data/Transactions/Transacciones\2024\02 February\18-02-24\DataTrans_3.xlsx,xlsx,2024,02 February,18-02-24,2024-02-18,2,1,2024-02-18_005
data/Transactions/Transacciones\2024\02 February\18-02-24\DataTrans_4.csv,csv,2024,02 February,18-02-24,2024-02-18,2,1,2024-02-18_006
data/Transactions/Transacciones\2024\02 February\19-02-24\DataTrans_0.csv,csv,2024,02 February,19-02-24,2024-02-19,2,1,2024-02-19_000
data/Transactions/Transacciones\2024\02 February\19-02-24\DataTrans_0.xlsx,xlsx,2024,02 February,19-02-24,2024-02-19,2,1,2024-02-19_001
data/Transactions/Transacciones\2024\02 February\19-02-24\DataTrans_1.xlsx,xlsx,2024,02 February,19-02-24,2024-02-19,2,1,2024-02-19_002
data/Transactions/Transacciones\2024\02 February\20-02-24\DataTrans_0.csv,csv,2024,02 February,20-02-24,2024-02-20,2,1,2024-02-20_000
data/Transactions/Transacciones\2024\02 February\20-02-24\DataTrans_0.xlsx,xlsx,2024,02 February,20-02-24,2024-02-20,2,1,2024-02-20_001
data/Transactions/Transacciones\2024\02 February\20-02-24\DataTrans_1.csv,csv,2024,02 February,20-02-24,2024-02-20,2,1,2024-02-20_002
data/Transactions/Transacciones\2024\02 February\20-02-24\DataTrans_1.xlsx,xlsx,2024,02 February,20-02-24,2024-02-20,2,1,2024-02-20_003
data/Transactions/Transacciones\2024\02 February\20-02-24\DataTrans_2.xlsx,xlsx,2024,02 February,20-02-24,2024-02-20,2,1,2024-02-20_004
data/Transactions/Transacciones\2024\02 February\20-02-24\DataTrans_3.xlsx,xlsx,2024,02 February,20-02-24,2024-02-20,2,1,2024-02-20_005
data/Transactions/Transacciones\2024\02 February\20-02-24\DataTrans_4.csv,csv,2024,02 February,20-02-24,2024-02-20,2,1,2024-02-20_006
data/Transactions/Transacciones\2024\02 February\22-02-24\DataTrans_0.csv,csv,2024,02 February,22-02-24,2024-02-22,2,1,2024-02-22_000
data/Transactions/Transacciones\2024\02 February\22-02-24\DataTrans_1.csv,csv,2024,02 February,22-02-24,2024-02-22,2,1,2024-02-22_001
data/Transactions/Transacciones\2024\02 February\22-02-24\DataTrans_2.xlsx,xlsx,2024,02 February,22-02-24,2024-02-22,2,1,2024-02-22_002
data/Transactions/Transacciones\2024\02 February\23-02-24\DataTrans_0.xlsx,xlsx,2024,02 February,23-02-24,2024-02-23,2,1,2024-02-23_000
data/Transactions/Transacciones\2024\02 February\23-02-24\DataTrans_1.xlsx,xlsx,2024,02 February,23-02-24,2024-02-23,2,1,2024-02-23_001
data/Transactions/Transacciones\2024\02 February\23-02-24\DataTrans_2.xlsx,xlsx,2024,02 February,23-02-24,2024-02-23,2,1,2024-02-23_002
data/Transactions/Transacciones\2024\02 February\23-02-24\DataTrans_3.csv,csv,2024,02 February,23-02-24,2024-02-23,2,1,2024-02-23_003
data/Transactions/Transacciones\2024\02 February\25-02-24\DataTrans_0.xlsx,xlsx,2024,02 February,25-02-24,2024-02-25,2,1,2024-02-25_000
data/Transactions/Transacciones\2024\02 February\25-02-24\DataTrans_1.xlsx,xlsx,2024,02 February,25-02-24,2024-02-25,2,1,2024-02-25_001
data/Transactions/Transacciones\2024\02 February\25-02-24\DataTrans_2.csv,csv,2024,02 February,25-02-24,2024-02-25,2,1,2024-02-25_002
data/Transactions/Transacciones\2024\02 February\25-02-24\DataTrans_3.csv,csv,2024,02 February,25-02-24,2024-02-25,2,1,2024-02-25_003
data/Transactions/Transacciones\2024\02 February\25-02-24\DataTrans_4.csv,csv,2024,02 February,25-02-24,2024-02-25,2,1,2024-02-25_004
data/Transactions/Transacciones\2024\02 February\27-02-24\DataTrans_0.csv,csv,2024,02 February,27-02-24,2024-02-27,2,1,2024-02-27_000
data/Transactions/Transacciones\2024\02 February\27-02-24\DataTrans_1.xlsx,xlsx,2024,02 February,27-02-24,2024-02-27,2,1,2024-02-27_001
data/Transactions/Transacciones\2024\02 February\29-02-24\DataTrans_0.csv,csv,2024,02 February,29-02-24,2024-02-29,2,1,2024-02-29_000
data/Transactions/Transacciones\2024\02 February\29-02-24\DataTrans_0.xlsx,xlsx,2024,02 February,29-02-24,2024-02-29,2,1,2024-02-29_001
data/Transactions/Transacciones\2024\02 February\29-02-24\DataTrans_1.csv,csv,2024,02 February,29-02-24,2024-02-29,2,1,2024-02-29_002
data/Transactions/Transacciones\2024\02 February\29-02-24\DataTrans_1.xlsx,xlsx,2024,02 February,29-02-24,2024-02-29,2,1,2024-02-29_003
data/Transactions/Transacciones\2024\02 February\29-02-24\DataTrans_2.csv,csv,2024,02 February,29-02-24,2024-02-29,2,1,2024-02-29_004
data/Transactions/Transacciones\2024\02 February\29-02-24\DataTrans_3.xlsx,xlsx,2024,02 February,29-02-24,2024-02-29,2,1,2024-02-29_005
data/Transactions/Transacciones\2024\03 March\03-03-24\DataTrans_0.xlsx,xlsx,2024,03 March,03-03-24,2024-03-03,3,1,2024-03-03_000
data/Transactions/Transacciones\2024\03 March\03-03-24\DataTrans_1.csv,csv,2024,03 March,03-03-24,2024-03-03,3,1,2024-03-03_001
data/Transactions/Transacciones\2024\03 March\03-03-24\DataTrans_1.xlsx,xlsx,2024,03 March,03-03-24,2024-03-03,3,1,2024-03-03_002
data/Transactions/Transacciones\2024\03 March\03-03-24\DataTrans_2.csv,csv,2024,03 March,03-03-24,2024-03-03,3,1,2024-03-03_003
data/Transactions/Transacciones\2024\03 March\03-03-24\DataTrans_2.xlsx,xlsx,2024,03 March,03-03-24,2024-03-03,3,1,2024-03-03_004
data/Transactions/Transacciones\2024\03 March\03-03-24\DataTrans_3.csv,csv,2024,03 March,03-03-24,2024-03-03,3,1,2024-03-03_005
data/Transactions/Transacciones\2024\03 March\03-03-24\DataTrans_4.xlsx,xlsx,2024,03 March,03-03-24,2024-03-03,3,1,2024-03-03_006
data/Transactions/Transacciones\2024\03 March\05-03-24\DataTrans_0.csv,csv,2024,03 March,05-03-24,2024-03-05,3,1,2024-03-05_000
data/Transactions/Transacciones\2024\03 March\05-03-24\DataTrans_1.xlsx,xlsx,2024,03 March,05-03-24,2024-03-05,3,1,2024-03-05_001
data/Transactions/Transacciones\2024\03 March\05-03-24\DataTrans_2.xlsx,xlsx,2024,03 March,05-03-24,2024-03-05,3,1,2024-03-05_002
data/Transactions/Transacciones\2024\03 March\05-03-24\DataTrans_3.xlsx,xlsx,2024,03 March,05-03-24,2024-03-05,3,1,2024-03-05_003
data/Transactions/Transacciones\2024\03 March\05-03-24\DataTrans_4.xlsx,xlsx,2024,03 March,05-03-24,2024-03-05,3,1,2024-03-05_004
data/Transactions/Transacciones\2024\03 March\09-03-24\DataTrans_0.xlsx,xlsx,2024,03 March,09-03-24,2024-03-09,3,1,2024-03-09_000
data/Transactions/Transacciones\2024\03 March\09-03-24\DataTrans_1.xlsx,xlsx,2024,03 March,09-03-24,2024-03-09,3,1,2024-03-09_001
data/Transactions/Transacciones\2024\03 March\09-03-24\DataTrans_2.xlsx,xlsx,2024,03 March,09-03-24,2024-03-09,3,1,2024-03-09_002
data/Transactions/Transacciones\2024\03 March\09-03-24\DataTrans_3.xlsx,xlsx,2024,03 March,09-03-24,2024-03-09,3,1,2024-03-09_003
data/Transactions/Transacciones\2024\03 March\09-03-24\DataTrans_4.xlsx,xlsx,2024,03 March,09-03-24,2024-03-09,3,1,2024-03-09_004
data/Transactions/Transacciones\2024\03 March\23-03-24\DataTrans_0.xlsx,xlsx,2024,03 March,23-03-24,2024-03-23,3,1,2024-03-23_000
data/Transactions/Transacciones\2024\03 March\23-03-24\DataTrans_1.csv,csv,2024,03 March,23-03-24,2024-03-23,3,1,2024-03-23_001
data/Transactions/Transacciones\2024\03 March\23-03-24\DataTrans_2.csv,csv,2024,03 March,23-03-24,2024-03-23,3,1,2024-03-23_002
data/Transactions/Transacciones\2024\03 March\23-03-24\DataTrans_3.xlsx,xlsx,2024,03 March,23-03-24,2024-03-23,3,1,2024-03-23_003
data/Transactions/Transacciones\2024\04 April\02-04-24\DataTrans_0.csv,csv,2024,04 April,02-04-24,2024-04-02,4,2,2024-04-02_000
data/Transactions/Transacciones\2024\04 April\02-04-24\DataTrans_1.csv,csv,2024,04 April,02-04-24,2024-04-02,4,2,2024-04-02_001
data/Transactions/Transacciones\2024\04 April\02-04-24\DataTrans_2.csv,csv,2024,04 April,02-04-24,2024-04-02,4,2,2024-04-02_002
data/Transactions/Transacciones\2024\04 April\02-04-24\DataTrans_3.xlsx,xlsx,2024,04 April,02-04-24,2024-04-02,4,2,2024-04-02_003
data/Transactions/Transacciones\2024\04 April\02-04-24\DataTrans_4.csv,csv,2024,04 April,02-04-24,2024-04-02,4,2,2024-04-02_004
data/Transactions/Transacciones\2024\04 April\03-04-24\DataTrans_0.xlsx,xlsx,2024,04 April,03-04-24,2024-04-03,4,2,2024-04-03_000
data/Transactions/Transacciones\2024\04 April\03-04-24\DataTrans_1.csv,csv,2024,04 April,03-04-24,2024-04-03,4,2,2024-04-03_001
data/Transactions/Transacciones\2024\04 April\03-04-24\DataTrans_2.xlsx,xlsx,2024,04 April,03-04-24,2024-04-03,4,2,2024-04-03_002
data/Transactions/Transacciones\2024\04 April\03-04-24\DataTrans_3.csv,csv,2024,04 April,03-04-24,2024-04-03,4,2,2024-04-03_003
data/Transactions/Transacciones\2024\04 April\03-04-24\DataTrans_4.csv,csv,2024,04 April,03-04-24,2024-04-03,4,2,2024-04-03_004
data/Transactions/Transacciones\2024\04 April\09-04-24\DataTrans_0.xlsx,xlsx,2024,04 April,09-04-24,2024-04-09,4,2,2024-04-09_000
data/Transactions/Transacciones\2024\04 April\09-04-24\DataTrans_1.xlsx,xlsx,2024,04 April,09-04-24,2024-04-09,4,2,2024-04-09_001
data/Transactions/Transacciones\2024\04 April\10-04-24\DataTrans_0.xlsx,xlsx,2024,04 April,10-04-24,2024-04-10,4,2,2024-04-10_000
data/Transactions/Transacciones\2024\04 April\10-04-24\DataTrans_1.xlsx,xlsx,2024,04 April,10-04-24,2024-04-10,4,2,2024-04-10_001
data/Transactions/Transacciones\2024\04 April\13-04-24\DataTrans_0.xlsx,xlsx,2024,04 April,13-04-24,2024-04-13,4,2,2024-04-13_000
data/Transactions/Transacciones\2024\04 April\13-04-24\DataTrans_1.xlsx,xlsx,2024,04 April,13-04-24,2024-04-13,4,2,2024-04-13_001
data/Transactions/Transacciones\2024\04 April\13-04-24\DataTrans_2.xlsx,xlsx,2024,04 April,13-04-24,2024-04-13,4,2,2024-04-13_002
data/Transactions/Transacciones\2024\04 April\13-04-24\DataTrans_3.csv,csv,2024,04 April,13-04-24,2024-04-13,4,2,2024-04-13_003
data/Transactions/Transacciones\2024\04 April\16-04-24\DataTrans_0.csv,csv,2024,04 April,16-04-24,2024-04-16,4,2,2024-04-16_000
data/Transactions/Transacciones\2024\04 April\16-04-24\DataTrans_1.xlsx,xlsx,2024,04 April,16-04-24,2024-04-16,4,2,2024-04-16_001
data/Transactions/Transacciones\2024\04 April\16-04-24\DataTrans_2.csv,csv,2024,04 April,16-04-24,2024-04-16,4,2,2024-04-16_002
data/Transactions/Transacciones\2024\04 April\16-04-24\DataTrans_3.xlsx,xlsx,2024,04 April,16-04-24,2024-04-16,4,2,2024-04-16_003
data/Transactions/Transacciones\2024\04 April\16-04-24\DataTrans_4.xlsx,xlsx,2024,04 April,16-04-24,2024-04-16,4,2,2024-04-16_004
data/Transactions/Transacciones\2024\04 April\18-04-24\DataTrans_0.csv,csv,2024,04 April,18-04-24,2024-04-18,4,2,2024-04-18_000
data/Transactions/Transacciones\2024\04 April\18-04-24\DataTrans_1.xlsx,xlsx,2024,04 April,18-04-24,2024-04-18,4,2,2024-04-18_001
data/Transactions/Transacciones\2024\04 April\22-04-24\DataTrans_0.csv,csv,2024,04 April,22-04-24,2024-04-22,4,2,2024-04-22_000
data/Transactions/Transacciones\2024\04 April\22-04-24\DataTrans_1.xlsx,xlsx,2024,04 April,22-04-24,2024-04-22,4,2,2024-04-22_001
data/Transactions/Transacciones\2024\04 April\28-04-24\DataTrans_0.csv,csv,2024,04 April,28-04-24,2024-04-28,4,2,2024-04-28_000
data/Transactions/Transacciones\2024\04 April\28-04-24\DataTrans_1.csv,csv,2024,04 April,28-04-24,2024-04-28,4,2,2024-04-28_001
data/Transactions/Transacciones\2024\04 April\29-04-24\DataTrans_0.xlsx,xlsx,2024,04 April,29-04-24,2024-04-29,4,2,2024-04-29_000
data/Transactions/Transacciones\2024\04 April\29-04-24\DataTrans_1.xlsx,xlsx,2024,04 April,29-04-24,2024-04-29,4,2,2024-04-29_001
data/Transactions/Transacciones\2024\04 April\29-04-24\DataTrans_2.csv,csv,2024,04 April,29-04-24,2024-04-29,4,2,2024-04-29_002
data/Transactions/Transacciones\2024\04 April\29-04-24\DataTrans_3.xlsx,xlsx,2024,04 April,29-04-24,2024-04-29,4,2,2024-04-29_003
data/Transactions/Transacciones\2024\05 May\01-05-24\DataTrans_0.csv,csv,2024,05 May,01-05-24,2024-05-01,5,2,2024-05-01_000
data/Transactions/Transacciones\2024\05 May\01-05-24\DataTrans_1.csv,csv,2024,05 May,01-05-24,2024-05-01,5,2,2024-05-01_001
data/Transactions/Transacciones\2024\05 May\01-05-24\DataTrans_2.xlsx,xlsx,2024,05 May,01-05-24,2024-05-01,5,2,2024-05-01_002
data/Transactions/Transacciones\2024\05 May\01-05-24\DataTrans_3.csv,csv,2024,05 May,01-05-24,2024-05-01,5,2,2024-05-01_003
data/Transactions/Transacciones\2024\05 May\02-05-24\DataTrans_0.csv,csv,2024,05 May,02-05-24,2024-05-02,5,2,2024-05-02_000
data/Transactions/Transacciones\2024\05 May\02-05-24\DataTrans_0.xlsx,xlsx,2024,05 May,02-05-24,2024-05-02,5,2,2024-05-02_001
data/Transactions/Transacciones\2024\05 May\02-05-24\DataTrans_1.xlsx,xlsx,2024,05 May,02-05-24,2024-05-02,5,2,2024-05-02_002
data/Transactions/Transacciones\2024\05 May\02-05-24\DataTrans_2.xlsx,xlsx,2024,05 May,02-05-24,2024-05-02,5,2,2024-05-02_003
data/Transactions/Transacciones\2024\05 May\02-05-24\DataTrans_3.xlsx,xlsx,2024,05 May,02-05-24,2024-05-02,5,2,2024-05-02_004
data/Transactions/Transacciones\2024\05 May\02-05-24\DataTrans_4.xlsx,xlsx,2024,05 May,02-05-24,2024-05-02,5,2,2024-05-02_005
data/Transactions/Transacciones\2024\05 May\06-05-24\DataTrans_0.csv,csv,2024,05 May,06-05-24,2024-05-06,5,2,2024-05-06_000
data/Transactions/Transacciones\2024\05 May\06-05-24\DataTrans_1.csv,csv,2024,05 May,06-05-24,2024-05-06,5,2,2024-05-06_001
data/Transactions/Transacciones\2024\05 May\06-05-24\DataTrans_1.xlsx,xlsx,2024,05 May,06-05-24,2024-05-06,5,2,2024-05-06_002
data/Transactions/Transacciones\2024\05 May\06-05-24\DataTrans_2.csv,csv,2024,05 May,06-05-24,2024-05-06,5,2,2024-05-06_003
data/Transactions/Transacciones\2024\05 May\06-05-24\DataTrans_2.xlsx,xlsx,2024,05 May,06-05-24,2024-05-06,5,2,2024-05-06_004
data/Transactions/Transacciones\2024\05 May\06-05-24\DataTrans_3.csv,csv,2024,05 May,06-05-24,2024-05-06,5,2,2024-05-06_005
data/Transactions/Transacciones\2024\05 May\06-05-24\DataTrans_3.xlsx,xlsx,2024,05 May,06-05-24,2024-05-06,5,2,2024-05-06_006
data/Transactions/Transacciones\2024\05 May\06-05-24\DataTrans_4.xlsx,xlsx,2024,05 May,06-05-24,2024-05-06,5,2,2024-05-06_007
data/Transactions/Transacciones\2024\05 May\07-05-24\DataTrans_0.xlsx,xlsx,2024,05 May,07-05-24,2024-05-07,5,2,2024-05-07_000
data/Transactions/Transacciones\2024\05 May\07-05-24\DataTrans_1.csv,csv,2024,05 May,07-05-24,2024-05-07,5,2,2024-05-07_001
data/Transactions/Transacciones\2024\05 May\07-05-24\DataTrans_2.csv,csv,2024,05 May,07-05-24,2024-05-07,5,2,2024-05-07_002
data/Transactions/Transacciones\2024\05 May\07-05-24\DataTrans_3.xlsx,xlsx,2024,05 May,07-05-24,2024-05-07,5,2,2024-05-07_003
data/Transactions/Transacciones\2024\05 May\07-05-24\DataTrans_4.xlsx,xlsx,2024,05 May,07-05-24,2024-05-07,5,2,2024-05-07_004
data/Transactions/Transacciones\2024\05 May\09-05-24\DataTrans_0.xlsx,xlsx,2024,05 May,09-05-24,2024-05-09,5,2,2024-05-09_000
data/Transactions/Transacciones\2024\05 May\09-05-24\DataTrans_1.xlsx,xlsx,2024,05 May,09-05-24,2024-05-09,5,2,2024-05-09_001
data/Transactions/Transacciones\2024\05 May\12-05-24\DataTrans_0.csv,csv,2024,05 May,12-05-24,2024-05-12,5,2,2024-05-12_000
data/Transactions/Transacciones\2024\05 May\12-05-24\DataTrans_0.xlsx,xlsx,2024,05 May,12-05-24,2024-05-12,5,2,2024-05-12_001
data/Transactions/Transacciones\2024\05 May\12-05-24\DataTrans_1.csv,csv,2024,05 May,12-05-24,2024-05-12,5,2,2024-05-12_002
data/Transactions/Transacciones\2024\05 May\12-05-24\DataTrans_1.xlsx,xlsx,2024,05 May,12-05-24,2024-05-12,5,2,2024-05-12_003
data/Transactions/Transacciones\2024\05 May\13-05-24\DataTrans_0.csv,csv,2024,05 May,13-05-24,2024-05-13,5,2,2024-05-13_000
data/Transactions/Transacciones\2024\05 May\13-05-24\DataTrans_1.csv,csv,2024,05 May,13-05-24,2024-05-13,5,2,2024-05-13_001
data/Transactions/Transacciones\2024\05 May\13-05-24\DataTrans_1.xlsx,xlsx,2024,05 May,13-05-24,2024-05-13,5,2,2024-05-13_002
data/Transactions/Transacciones\2024\05 May\13-05-24\DataTrans_2.csv,csv,2024,05 May,13-05-24,2024-05-13,5,2,2024-05-13_003
data/Transactions/Transacciones\2024\05 May\13-05-24\DataTrans_2.xlsx,xlsx,2024,05 May,13-05-24,2024-05-13,5,2,2024-05-13_004
data/Transactions/Transacciones\2024\05 May\13-05-24\DataTrans_3.xlsx,xlsx,2024,05 May,13-05-24,2024-05-13,5,2,2024-05-13_005
data/Transactions/Transacciones\2024\05 May\13-05-24\DataTrans_4.xlsx,xlsx,2024,05 May,13-05-24,2024-05-13,5,2,2024-05-13_006
data/Transactions/Transacciones\2024\05 May\14-05-24\DataTrans_0.xlsx,xlsx,2024,05 May,14-05-24,2024-05-14,5,2,2024-05-14_000
data/Transactions/Transacciones\2024\05 May\14-05-24\DataTrans_1.xlsx,xlsx,2024,05 May,14-05-24,2024-05-14,5,2,2024-05-14_001
data/Transactions/Transacciones\2024\05 May\16-05-24\DataTrans_0.xlsx,xlsx,2024,05 May,16-05-24,2024-05-16,5,2,2024-05-16_000
data/Transactions/Transacciones\2024\05 May\16-05-24\DataTrans_1.xlsx,xlsx,2024,05 May,16-05-24,2024-05-16,5,2,2024-05-16_001
data/Transactions/Transacciones\2024\05 May\16-05-24\DataTrans_2.csv,csv,2024,05 May,16-05-24,2024-05-16,5,2,2024-05-16_002
data/Transactions/Transacciones\2024\05 May\16-05-24\DataTrans_3.xlsx,xlsx,2024,05 May,16-05-24,2024-05-16,5,2,2024-05-16_003
data/Transactions/Transacciones\2024\05 May\17-05-24\DataTrans_0.xlsx,xlsx,2024,05 May,17-05-24,2024-05-17,5,2,2024-05-17_000
data/Transactions/Transacciones\2024\05 May\17-05-24\DataTrans_1.xlsx,xlsx,2024,05 May,17-05-24,2024-05-17,5,2,2024-05-17_001
data/Transactions/Transacciones\2024\05 May\17-05-24\DataTrans_2.csv,csv,2024,05 May,17-05-24,2024-05-17,5,2,2024-05-17_002
data/Transactions/Transacciones\2024\05 May\17-05-24\DataTrans_3.xlsx,xlsx,2024,05 May,17-05-24,2024-05-17,5,2,2024-05-17_003
data/Transactions/Transacciones\2024\05 May\17-05-24\DataTrans_4.csv,csv,2024,05 May,17-05-24,2024-05-17,5,2,2024-05-17_004
data/Transactions/Transacciones\2024\05 May\18-05-24\DataTrans_0.csv,csv,2024,05 May,18-05-24,2024-05-18,5,2,2024-05-18_000
data/Transactions/Transacciones\2024\05 May\18-05-24\DataTrans_1.xlsx,xlsx,2024,05 May,18-05-24,2024-05-18,5,2,2024-05-18_001
data/Transactions/Transacciones\2024\05 May\18-05-24\DataTrans_2.csv,csv,2024,05 May,18-05-24,2024-05-18,5,2,2024-05-18_002
data/Transactions/Transacciones\2024\05 May\21-05-24\DataTrans_0.xlsx,xlsx,2024,05 May,21-05-24,2024-05-21,5,2,2024-05-21_000
data/Transactions/Transacciones\2024\05 May\21-05-24\DataTrans_1.csv,csv,2024,05 May,21-05-24,2024-05-21,5,2,2024-05-21_001
data/Transactions/Transacciones\2024\05 May\21-05-24\DataTrans_2.xlsx,xlsx,2024,05 May,21-05-24,2024-05-21,5,2,2024-05-21_002
data/Transactions/Transacciones\2024\05 May\22-05-24\DataTrans_0.xlsx,xlsx,2024,05 May,22-05-24,2024-05-22,5,2,2024-05-22_000
data/Transactions/Transacciones\2024\05 May\22-05-24\DataTrans_1.csv,csv,2024,05 May,22-05-24,2024-05-22,5,2,2024-05-22_001
data/Transactions/Transacciones\2024\05 May\22-05-24\DataTrans_2.xlsx,xlsx,2024,05 May,22-05-24,2024-05-22,5,2,2024-05-22_002
data/Transactions/Transacciones\2024\05 May\25-05-24\DataTrans_0.xlsx,xlsx,2024,05 May,25-05-24,2024-05-25,5,2,2024-05-25_000
data/Transactions/Transacciones\2024\05 May\25-05-24\DataTrans_1.xlsx,xlsx,2024,05 May,25-05-24,2024-05-25,5,2,2024-05-25_001
data/Transactions/Transacciones\2024\05 May\25-05-24\DataTrans_2.csv,csv,2024,05 May,25-05-24,2024-05-25,5,2,2024-05-25_002
data/Transactions/Transacciones\2024\05 May\25-05-24\DataTrans_3.csv,csv,2024,05 May,25-05-24,2024-05-25,5,2,2024-05-25_003
data/Transactions/Transacciones\2024\05 May\25-05-24\DataTrans_4.xlsx,xlsx,2024,05 May,25-05-24,2024-05-25,5,2,2024-05-25_004
data/Transactions/Transacciones\2024\06 June\04-06-24\DataTrans_0.xlsx,xlsx,2024,06 June,04-06-24,2024-06-04,6,2,2024-06-04_000
data/Transactions/Transacciones\2024\06 June\04-06-24\DataTrans_1.xlsx,xlsx,2024,06 June,04-06-24,2024-06-04,6,2,2024-06-04_001
data/Transactions/Transacciones\2024\06 June\04-06-24\DataTrans_2.xlsx,xlsx,2024,06 June,04-06-24,2024-06-04,6,2,2024-06-04_002
data/Transactions/Transacciones\2024\06 June\05-06-24\DataTrans_0.xlsx,xlsx,2024,06 June,05-06-24,2024-06-05,6,2,2024-06-05_000
data/Transactions/Transacciones\2024\06 June\05-06-24\DataTrans_1.xlsx,xlsx,2024,06 June,05-06-24,2024-06-05,6,2,2024-06-05_001
data/Transactions/Transacciones\2024\06 June\08-06-24\DataTrans_0.xlsx,xlsx,2024,06 June,08-06-24,2024-06-08,6,2,2024-06-08_000
data/Transactions/Transacciones\2024\06 June\08-06-24\DataTrans_1.csv,csv,2024,06 June,08-06-24,2024-06-08,6,2,2024-06-08_001
data/Transactions/Transacciones\2024\06 June\08-06-24\DataTrans_2.xlsx,xlsx,2024,06 June,08-06-24,2024-06-08,6,2,2024-06-08_002
data/Transactions/Transacciones\2024\06 June\08-06-24\DataTrans_3.csv,csv,2024,06 June,08-06-24,2024-06-08,6,2,2024-06-08_003
data/Transactions/Transacciones\2024\06 June\27-06-24\DataTrans_0.xlsx,xlsx,2024,06 June,27-06-24,2024-06-27,6,2,2024-06-27_000
data/Transactions/Transacciones\2024\06 June\27-06-24\DataTrans_1.csv,csv,2024,06 June,27-06-24,2024-06-27,6,2,2024-06-27_001
data/Transactions/Transacciones\2024\06 June\27-06-24\DataTrans_2.csv,csv,2024,06 June,27-06-24,2024-06-27,6,2,2024-06-27_002
data/Transactions/Transacciones\2024\07 July\09-07-24\DataTrans_0.csv,csv,2024,07 July,09-07-24,2024-07-09,7,3,2024-07-09_000
data/Transactions/Transacciones\2024\07 July\09-07-24\DataTrans_1.csv,csv,2024,07 July,09-07-24,2024-07-09,7,3,2024-07-09_001
data/Transactions/Transacciones\2024\07 July\09-07-24\DataTrans_2.xlsx,xlsx,2024,07 July,09-07-24,2024-07-09,7,3,2024-07-09_002
data/Transactions/Transacciones\2024\07 July\26-07-24\DataTrans_0.csv,csv,2024,07 July,26-07-24,2024-07-26,7,3,2024-07-26_000
data/Transactions/Transacciones\2024\07 July\26-07-24\DataTrans_1.xlsx,xlsx,2024,07 July,26-07-24,2024-07-26,7,3,2024-07-26_001
data/Transactions/Transacciones\2024\07 July\29-07-24\DataTrans_0.csv,csv,2024,07 July,29-07-24,2024-07-29,7,3,2024-07-29_000
data/Transactions/Transacciones\2024\07 July\29-07-24\DataTrans_1.xlsx,xlsx,2024,07 July,29-07-24,2024-07-29,7,3,2024-07-29_001
data/Transactions/Transacciones\2024\07 July\29-07-24\DataTrans_2.csv,csv,2024,07 July,29-07-24,2024-07-29,7,3,2024-07-29_002
data/Transactions/Transacciones\2024\08 August\02-08-24\DataTrans_0.csv,csv,2024,08 August,02-08-24,2024-08-02,8,3,2024-08-02_000
data/Transactions/Transacciones\2024\08 August\02-08-24\DataTrans_0.xlsx,xlsx,2024,08 August,02-08-24,2024-08-02,8,3,2024-08-02_001
data/Transactions/Transacciones\2024\08 August\02-08-24\DataTrans_1.csv,csv,2024,08 August,02-08-24,2024-08-02,8,3,2024-08-02_002
data/Transactions/Transacciones\2024\08 August\02-08-24\DataTrans_1.xlsx,xlsx,2024,08 August,02-08-24,2024-08-02,8,3,2024-08-02_003
data/Transactions/Transacciones\2024\08 August\02-08-24\DataTrans_2.xlsx,xlsx,2024,08 August,02-08-24,2024-08-02,8,3,2024-08-02_004
data/Transactions/Transacciones\2024\08 August\05-08-24\DataTrans_0.xlsx,xlsx,2024,08 August,05-08-24,2024-08-05,8,3,2024-08-05_000
data/Transactions/Transacciones\2024\08 August\05-08-24\DataTrans_1.csv,csv,2024,08 August,05-08-24,2024-08-05,8,3,2024-08-05_001
data/Transactions/Transacciones\2024\08 August\05-08-24\DataTrans_2.csv,csv,2024,08 August,05-08-24,2024-08-05,8,3,2024-08-05_002
data/Transactions/Transacciones\2024\08 August\06-08-24\DataTrans_0.xlsx,xlsx,2024,08 August,06-08-24,2024-08-06,8,3,2024-08-06_000
data/Transactions/Transacciones\2024\08 August\06-08-24\DataTrans_1.xlsx,xlsx,2024,08 August,06-08-24,2024-08-06,8,3,2024-08-06_001
data/Transactions/Transacciones\2024\08 August\06-08-24\DataTrans_2.xlsx,xlsx,2024,08 August,06-08-24,2024-08-06,8,3,2024-08-06_002
data/Transactions/Transacciones\2024\08 August\09-08-24\DataTrans_0.csv,csv,2024,08 August,09-08-24,2024-08-09,8,3,2024-08-09_000
data/Transactions/Transacciones\2024\08 August\09-08-24\DataTrans_0.xlsx,xlsx,2024,08 August,09-08-24,2024-08-09,8,3,2024-08-09_001
data/Transactions/Transacciones\2024\08 August\09-08-24\DataTrans_1.csv,csv,2024,08 August,09-08-24,2024-08-09,8,3,2024-08-09_002
data/Transactions/Transacciones\2024\08 August\09-08-24\DataTrans_1.xlsx,xlsx,2024,08 August,09-08-24,2024-08-09,8,3,2024-08-09_003
data/Transactions/Transacciones\2024\08 August\09-08-24\DataTrans_2.csv,csv,2024,08 August,09-08-24,2024-08-09,8,3,2024-08-09_004
data/Transactions/Transacciones\2024\08 August\12-08-24\DataTrans_0.csv,csv,2024,08 August,12-08-24,2024-08-12,8,3,2024-08-12_000
data/Transactions/Transacciones\2024\08 August\12-08-24\DataTrans_1.csv,csv,2024,08 August,12-08-24,2024-08-12,8,3,2024-08-12_001
data/Transactions/Transacciones\2024\08 August\12-08-24\DataTrans_2.csv,csv,2024,08 August,12-08-24,2024-08-12,8,3,2024-08-12_002
data/Transactions/Transacciones\2024\08 August\13-08-24\DataTrans_0.csv,csv,2024,08 August,13-08-24,2024-08-13,8,3,2024-08-13_000
data/Transactions/Transacciones\2024\08 August\13-08-24\DataTrans_0.xlsx,xlsx,2024,08 August,13-08-24,2024-08-13,8,3,2024-08-13_001
data/Transactions/Transacciones\2024\08 August\13-08-24\DataTrans_1.csv,csv,2024,08 August,13-08-24,2024-08-13,8,3,2024-08-13_002
data/Transactions/Transacciones\2024\08 August\13-08-24\DataTrans_1.xlsx,xlsx,2024,08 August,13-08-24,2024-08-13,8,3,2024-08-13_003
data/Transactions/Transacciones\2024\08 August\13-08-24\DataTrans_2.csv,csv,2024,08 August,13-08-24,2024-08-13,8,3,2024-08-13_004
data/Transactions/Transacciones\2024\08 August\13-08-24\DataTrans_2.xlsx,xlsx,2024,08 August,13-08-24,2024-08-13,8,3,2024-08-13_005
data/Transactions/Transacciones\2024\08 August\13-08-24\DataTrans_3.xlsx,xlsx,2024,08 August,13-08-24,2024-08-13,8,3,2024-08-13_006
data/Transactions/Transacciones\2024\08 August\14-08-24\DataTrans_0.csv,csv,2024,08 August,14-08-24,2024-08-14,8,3,2024-08-14_000
data/Transactions/Transacciones\2024\08 August\14-08-24\DataTrans_1.csv,csv,2024,08 August,14-08-24,2024-08-14,8,3,2024-08-14_001
data/Transactions/Transacciones\2024\08 August\18-08-24\DataTrans_0.csv,csv,2024,08 August,18-08-24,2024-08-18,8,3,2024-08-18_000
data/Transactions/Transacciones\2024\08 August\18-08-24\DataTrans_0.xlsx,xlsx,2024,08 August,18-08-24,2024-08-18,8,3,2024-08-18_001
data/Transactions/Transacciones\2024\08 August\18-08-24\DataTrans_1.csv,csv,2024,08 August,18-08-24,2024-08-18,8,3,2024-08-18_002
data/Transactions/Transacciones\2024\08 August\18-08-24\DataTrans_1.xlsx,xlsx,2024,08 August,18-08-24,2024-08-18,8,3,2024-08-18_003
data/Transactions/Transacciones\2024\08 August\18-08-24\DataTrans_2.csv,csv,2024,08 August,18-08-24,2024-08-18,8,3,2024-08-18_004
data/Transactions/Transacciones\2024\08 August\18-08-24\DataTrans_2.xlsx,xlsx,2024,08 August,18-08-24,2024-08-18,8,3,2024-08-18_005
data/Transactions/Transacciones\2024\08 August\18-08-24\DataTrans_3.xlsx,xlsx,2024,08 August,18-08-24,2024-08-18,8,3,2024-08-18_006
data/Transactions/Transacciones\2024\08 August\18-08-24\DataTrans_4.csv,csv,2024,08 August,18-08-24,2024-08-18,8,3,2024-08-18_007
data/Transactions/Transacciones\2024\08 August\20-08-24\DataTrans_0.xlsx,xlsx,2024,08 August,20-08-24,2024-08-20,8,3,2024-08-20_000
data/Transactions/Transacciones\2024\08 August\20-08-24\DataTrans_1.xlsx,xlsx,2024,08 August,20-08-24,2024-08-20,8,3,2024-08-20_001
data/Transactions/Transacciones\2024\08 August\21-08-24\DataTrans_0.csv,csv,2024,08 August,21-08-24,2024-08-21,8,3,2024-08-21_000
data/Transactions/Transacciones\2024\08 August\21-08-24\DataTrans_1.xlsx,xlsx,2024,08 August,21-08-24,2024-08-21,8,3,2024-08-21_001
data/Transactions/Transacciones\2024\08 August\23-08-24\DataTrans_0.csv,csv,2024,08 August,23-08-24,2024-08-23,8,3,2024-08-23_000
data/Transactions/Transacciones\2024\08 August\23-08-24\DataTrans_0.xlsx,xlsx,2024,08 August,23-08-24,2024-08-23,8,3,2024-08-23_001
data/Transactions/Transacciones\2024\08 August\23-08-24\DataTrans_1.csv,csv,2024,08 August,23-08-24,2024-08-23,8,3,2024-08-23_002
data/Transactions/Transacciones\2024\08 August\23-08-24\DataTrans_1.xlsx,xlsx,2024,08 August,23-08-24,2024-08-23,8,3,2024-08-23_003
data/Transactions/Transacciones\2024\08 August\23-08-24\DataTrans_2.xlsx,xlsx,2024,08 August,23-08-24,2024-08-23,8,3,2024-08-23_004
data/Transactions/Transacciones\2024\08 August\23-08-24\DataTrans_3.csv,csv,2024,08 August,23-08-24,2024-08-23,8,3,2024-08-23_005
data/Transactions/Transacciones\2024\08 August\23-08-24\DataTrans_4.xlsx,xlsx,2024,08 August,23-08-24,2024-08-23,8,3,2024-08-23_006
data/Transactions/Transacciones\2024\08 August\26-08-24\DataTrans_0.csv,csv,2024,08 August,26-08-24,2024-08-26,8,3,2024-08-26_000
data/Transactions/Transacciones\2024\08 August\26-08-24\DataTrans_1.xlsx,xlsx,2024,08 August,26-08-24,2024-08-26,8,3,2024-08-26_001
data/Transactions/Transacciones\2024\08 August\26-08-24\DataTrans_2.csv,csv,2024,08 August,26-08-24,2024-08-26,8,3,2024-08-26_002
data/Transactions/Transacciones\2024\08 August\26-08-24\DataTrans_3.xlsx,xlsx,2024,08 August,26-08-24,2024-08-26,8,3,2024-08-26_003
data/Transactions/Transacciones\2024\08 August\27-08-24\DataTrans_0.xlsx,xlsx,2024,08 August,27-08-24,2024-08-27,8,3,2024-08-27_000
data/Transactions/Transacciones\2024\08 August\27-08-24\DataTrans_1.csv,csv,2024,08 August,27-08-24,2024-08-27,8,3,2024-08-27_001
data/Transactions/Transacciones\2024\08 August\27-08-24\DataTrans_1.xlsx,xlsx,2024,08 August,27-08-24,2024-08-27,8,3,2024-08-27_002
data/Transactions/Transacciones\2024\08 August\27-08-24\DataTrans_2.csv,csv,2024,08 August,27-08-24,2024-08-27,8,3,2024-08-27_003
data/Transactions/Transacciones\2024\08 August\27-08-24\DataTrans_2.xlsx,xlsx,2024,08 August,27-08-24,2024-08-27,8,3,2024-08-27_004
data/Transactions/Transacciones\2024\08 August\27-08-24\DataTrans_3.csv,csv,2024,08 August,27-08-24,2024-08-27,8,3,2024-08-27_005
data/Transactions/Transacciones\2024\08 August\27-08-24\DataTrans_3.xlsx,xlsx,2024,08 August,27-08-24,2024-08-27,8,3,2024-08-27_006
data/Transactions/Transacciones\2024\08 August\27-08-24\DataTrans_4.xlsx,xlsx,2024,08 August,27-08-24,2024-08-27,8,3,2024-08-27_007
data/Transactions/Transacciones\2024\08 August\28-08-24\DataTrans_0.csv,csv,2024,08 August,28-08-24,2024-08-28,8,3,2024-08-28_000
data/Transactions/Transacciones\2024\08 August\28-08-24\DataTrans_0.xlsx,xlsx,2024,08 August,28-08-24,2024-08-28,8,3,2024-08-28_001
data/Transactions/Transacciones\2024\08 August\28-08-24\DataTrans_1.csv,csv,2024,08 August,28-08-24,2024-08-28,8,3,2024-08-28_002
data/Transactions/Transacciones\2024\08 August\28-08-24\DataTrans_1.xlsx,xlsx,2024,08 August,28-08-24,2024-08-28,8,3,2024-08-28_003
data/Transactions/Transacciones\2024\08 August\28-08-24\DataTrans_2.xlsx,xlsx,2024,08 August,28-08-24,2024-08-28,8,3,2024-08-28_004
data/Transactions/Transacciones\2024\08 August\28-08-24\DataTrans_3.xlsx,xlsx,2024,08 August,28-08-24,2024-08-28,8,3,2024-08-28_005
data/Transactions/Transacciones\2024\08 August\28-08-24\DataTrans_4.xlsx,xlsx,2024,08 August,28-08-24,2024-08-28,8,3,2024-08-28_006
data/Transactions/Transacciones\2024\08 August\29-08-24\DataTrans_0.xlsx,xlsx,2024,08 August,29-08-24,2024-08-29,8,3,2024-08-29_000
data/Transactions/Transacciones\2024\08 August\29-08-24\DataTrans_1.csv,csv,2024,08 August,29-08-24,2024-08-29,8,3,2024-08-29_001
data/Transactions/Transacciones\2024\08 August\29-08-24\DataTrans_2.xlsx,xlsx,2024,08 August,29-08-24,2024-08-29,8,3,2024-08-29_002
data/Transactions/Transacciones\2024\09 September\01-09-24\DataTrans_0.csv,csv,2024,09 September,01-09-24,2024-09-01,9,3,2024-09-01_000
data/Transactions/Transacciones\2024\09 September\01-09-24\DataTrans_0.xlsx,xlsx,2024,09 September,01-09-24,2024-09-01,9,3,2024-09-01_001
data/Transactions/Transacciones\2024\09 September\01-09-24\DataTrans_1.csv,csv,2024,09 September,01-09-24,2024-09-01,9,3,2024-09-01_002
data/Transactions/Transacciones\2024\09 September\01-09-24\DataTrans_1.xlsx,xlsx,2024,09 September,01-09-24,2024-09-01,9,3,2024-09-01_003
data/Transactions/Transacciones\2024\09 September\01-09-24\DataTrans_2.csv,csv,2024,09 September,01-09-24,2024-09-01,9,3,2024-09-01_004
data/Transactions/Transacciones\2024\09 September\01-09-24\DataTrans_2.xlsx,xlsx,2024,09 September,01-09-24,2024-09-01,9,3,2024-09-01_005
data/Transactions/Transacciones\2024\09 September\01-09-24\DataTrans_3.csv,csv,2024,09 September,01-09-24,2024-09-01,9,3,2024-09-01_006
data/Transactions/Transacciones\2024\09 September\01-09-24\DataTrans_3.xlsx,xlsx,2024,09 September,01-09-24,2024-09-01,9,3,2024-09-01_007
data/Transactions/Transacciones\2024\09 September\01-09-24\DataTrans_4.xlsx,xlsx,2024,09 September,01-09-24,2024-09-01,9,3,2024-09-01_008
data/Transactions/Transacciones\2024\09 September\02-09-24\DataTrans_0.xlsx,xlsx,2024,09 September,02-09-24,2024-09-02,9,3,2024-09-02_000
data/Transactions/Transacciones\2024\09 September\02-09-24\DataTrans_1.csv,csv,2024,09 September,02-09-24,2024-09-02,9,3,2024-09-02_001
data/Transactions/Transacciones\2024\09 September\02-09-24\DataTrans_2.xlsx,xlsx,2024,09 September,02-09-24,2024-09-02,9,3,2024-09-02_002
data/Transactions/Transacciones\2024\09 September\02-09-24\DataTrans_3.xlsx,xlsx,2024,09 September,02-09-24,2024-09-02,9,3,2024-09-02_003
data/Transactions/Transacciones\2024\09 September\02-09-24\DataTrans_4.csv,csv,2024,09 September,02-09-24,2024-09-02,9,3,2024-09-02_004
data/Transactions/Transacciones\2024\09 September\05-09-24\DataTrans_0.xlsx,xlsx,2024,09 September,05-09-24,2024-09-05,9,3,2024-09-05_000
data/Transactions/Transacciones\2024\09 September\05-09-24\DataTrans_1.xlsx,xlsx,2024,09 September,05-09-24,2024-09-05,9,3,2024-09-05_001
data/Transactions/Transacciones\2024\09 September\05-09-24\DataTrans_2.xlsx,xlsx,2024,09 September,05-09-24,2024-09-05,9,3,2024-09-05_002
data/Transactions/Transacciones\2024\09 September\06-09-24\DataTrans_0.csv,csv,2024,09 September,06-09-24,2024-09-06,9,3,2024-09-06_000
data/Transactions/Transacciones\2024\09 September\06-09-24\DataTrans_1.csv,csv,2024,09 September,06-09-24,2024-09-06,9,3,2024-09-06_001
data/Transactions/Transacciones\2024\09 September\06-09-24\DataTrans_2.csv,csv,2024,09 September,06-09-24,2024-09-06,9,3,2024-09-06_002
data/Transactions/Transacciones\2024\09 September\06-09-24\DataTrans_3.csv,csv,2024,09 September,06-09-24,2024-09-06,9,3,2024-09-06_003
data/Transactions/Transacciones\2024\09 September\06-09-24\DataTrans_4.xlsx,xlsx,2024,09 September,06-09-24,2024-09-06,9,3,2024-09-06_004
data/Transactions/Transacciones\2024\09 September\08-09-24\DataTrans_0.csv,csv,2024,09 September,08-09-24,2024-09-08,9,3,2024-09-08_000
data/Transactions/Transacciones\2024\09 September\08-09-24\DataTrans_1.xlsx,xlsx,2024,09 September,08-09-24,2024-09-08,9,3,2024-09-08_001
data/Transactions/Transacciones\2024\09 September\08-09-24\DataTrans_2.csv,csv,2024,09 September,08-09-24,2024-09-08,9,3,2024-09-08_002
data/Transactions/Transacciones\2024\09 September\08-09-24\DataTrans_3.xlsx,xlsx,2024,09 September,08-09-24,2024-09-08,9,3,2024-09-08_003
data/Transactions/Transacciones\2024\09 September\08-09-24\DataTrans_4.xlsx,xlsx,2024,09 September,08-09-24,2024-09-08,9,3,2024-09-08_004
data/Transactions/Transacciones\2024\09 September\09-09-24\DataTrans_0.xlsx,xlsx,2024,09 September,09-09-24,2024-09-09,9,3,2024-09-09_000
data/Transactions/Transacciones\2024\09 September\09-09-24\DataTrans_1.xlsx,xlsx,2024,09 September,09-09-24,2024-09-09,9,3,2024-09-09_001
data/Transactions/Transacciones\2024\09 September\09-09-24\DataTrans_2.xlsx,xlsx,2024,09 September,09-09-24,2024-09-09,9,3,2024-09-09_002
data/Transactions/Transacciones\2024\09 September\09-09-24\DataTrans_3.xlsx,xlsx,2024,09 September,09-09-24,2024-09-09,9,3,2024-09-09_003
data/Transactions/Transacciones\2024\09 September\11-09-24\DataTrans_0.xlsx,xlsx,2024,09 September,11-09-24,2024-09-11,9,3,2024-09-11_000
data/Transactions/Transacciones\2024\09 September\11-09-24\DataTrans_1.csv,csv,2024,09 September,11-09-24,2024-09-11,9,3,2024-09-11_001
data/Transactions/Transacciones\2024\09 September\11-09-24\DataTrans_2.xlsx,xlsx,2024,09 September,11-09-24,2024-09-11,9,3,2024-09-11_002
data/Transactions/Transacciones\2024\09 September\11-09-24\DataTrans_3.xlsx,xlsx,2024,09 September,11-09-24,2024-09-11,9,3,2024-09-11_003
data/Transactions/Transacciones\2024\09 September\12-09-24\DataTrans_0.xlsx,xlsx,2024,09 September,12-09-24,2024-09-12,9,3,2024-09-12_000
data/Transactions/Transacciones\2024\09 September\12-09-24\DataTrans_1.xlsx,xlsx,2024,09 September,12-09-24,2024-09-12,9,3,2024-09-12_001
data/Transactions/Transacciones\2024\09 September\13-09-24\DataTrans_0.csv,csv,2024,09 September,13-09-24,2024-09-13,9,3,2024-09-13_000
data/Transactions/Transacciones\2024\09 September\13-09-24\DataTrans_1.csv,csv,2024,09 September,13-09-24,2024-09-13,9,3,2024-09-13_001
data/Transactions/Transacciones\2024\09 September\13-09-24\DataTrans_2.xlsx,xlsx,2024,09 September,13-09-24,2024-09-13,9,3,2024-09-13_002
data/Transactions/Transacciones\2024\09 September\16-09-24\DataTrans_0.xlsx,xlsx,2024,09 September,16-09-24,2024-09-16,9,3,2024-09-16_000
data/Transactions/Transacciones\2024\09 September\16-09-24\DataTrans_1.xlsx,xlsx,2024,09 September,16-09-24,2024-09-16,9,3,2024-09-16_001
data/Transactions/Transacciones\2024\09 September\16-09-24\DataTrans_2.xlsx,xlsx,2024,09 September,16-09-24,2024-09-16,9,3,2024-09-16_002
data/Transactions/Transacciones\2024\09 September\16-09-24\DataTrans_3.csv,csv,2024,09 September,16-09-24,2024-09-16,9,3,2024-09-16_003
data/Transactions/Transacciones\2024\09 September\16-09-24\DataTrans_4.xlsx,xlsx,2024,09 September,16-09-24,2024-09-16,9,3,2024-09-16_004
data/Transactions/Transacciones\2024\09 September\17-09-24\DataTrans_0.xlsx,xlsx,2024,09 September,17-09-24,2024-09-17,9,3,2024-09-17_000
data/Transactions/Transacciones\2024\09 September\17-09-24\DataTrans_1.csv,csv,2024,09 September,17-09-24,2024-09-17,9,3,2024-09-17_001
data/Transactions/Transacciones\2024\09 September\17-09-24\DataTrans_2.xlsx,xlsx,2024,09 September,17-09-24,2024-09-17,9,3,2024-09-17_002
data/Transactions/Transacciones\2024\09 September\17-09-24\DataTrans_3.csv,csv,2024,09 September,17-09-24,2024-09-17,9,3,2024-09-17_003
data/Transactions/Transacciones\2024\09 September\17-09-24\DataTrans_4.csv,csv,2024,09 September,17-09-24,2024-09-17,9,3,2024-09-17_004
data/Transactions/Transacciones\2024\09 September\19-09-24\DataTrans_0.xlsx,xlsx,2024,09 September,19-09-24,2024-09-19,9,3,2024-09-19_000
data/Transactions/Transacciones\2024\09 September\19-09-24\DataTrans_1.xlsx,xlsx,2024,09 September,19-09-24,2024-09-19,9,3,2024-09-19_001
data/Transactions/Transacciones\2024\09 September\19-09-24\DataTrans_2.csv,csv,2024,09 September,19-09-24,2024-09-19,9,3,2024-09-19_002
data/Transactions/Transacciones\2024\09 September\19-09-24\DataTrans_3.csv,csv,2024,09 September,19-09-24,2024-09-19,9,3,2024-09-19_003
data/Transactions/Transacciones\2024\09 September\19-09-24\DataTrans_4.csv,csv,2024,09 September,19-09-24,2024-09-19,9,3,2024-09-19_004
data/Transactions/Transacciones\2024\09 September\20-09-24\DataTrans_0.csv,csv,2024,09 September,20-09-24,2024-09-20,9,3,2024-09-20_000
data/Transactions/Transacciones\2024\09 September\20-09-24\DataTrans_1.csv,csv,2024,09 September,20-09-24,2024-09-20,9,3,2024-09-20_001
data/Transactions/Transacciones\2024\09 September\21-09-24\DataTrans_0.xlsx,xlsx,2024,09 September,21-09-24,2024-09-21,9,3,2024-09-21_000
data/Transactions/Transacciones\2024\09 September\21-09-24\DataTrans_1.csv,csv,2024,09 September,21-09-24,2024-09-21,9,3,2024-09-21_001
data/Transactions/Transacciones\2024\09 September\21-09-24\DataTrans_1.xlsx,xlsx,2024,09 September,21-09-24,2024-09-21,9,3,2024-09-21_002
data/Transactions/Transacciones\2024\09 September\21-09-24\DataTrans_2.csv,csv,2024,09 September,21-09-24,2024-09-21,9,3,2024-09-21_003
data/Transactions/Transacciones\2024\09 September\21-09-24\DataTrans_2.xlsx,xlsx,2024,09 September,21-09-24,2024-09-21,9,3,2024-09-21_004
data/Transactions/Transacciones\2024\09 September\21-09-24\DataTrans_3.csv,csv,2024,09 September,21-09-24,2024-09-21,9,3,2024-09-21_005
data/Transactions/Transacciones\2024\09 September\21-09-24\DataTrans_3.xlsx,xlsx,2024,09 September,21-09-24,2024-09-21,9,3,2024-09-21_006
data/Transactions/Transacciones\2024\09 September\24-09-24\DataTrans_0.csv,csv,2024,09 September,24-09-24,2024-09-24,9,3,2024-09-24_000
data/Transactions/Transacciones\2024\09 September\24-09-24\DataTrans_1.xlsx,xlsx,2024,09 September,24-09-24,2024-09-24,9,3,2024-09-24_001
data/Transactions/Transacciones\2024\09 September\25-09-24\DataTrans_0.csv,csv,2024,09 September,25-09-24,2024-09-25,9,3,2024-09-25_000
data/Transactions/Transacciones\2024\09 September\25-09-24\DataTrans_1.xlsx,xlsx,2024,09 September,25-09-24,2024-09-25,9,3,2024-09-25_001
data/Transactions/Transacciones\2024\09 September\25-09-24\DataTrans_2.xlsx,xlsx,2024,09 September,25-09-24,2024-09-25,9,3,2024-09-25_002
data/Transactions/Transacciones\2024\09 September\25-09-24\DataTrans_3.csv,csv,2024,09 September,25-09-24,2024-09-25,9,3,2024-09-25_003
data/Transactions/Transacciones\2024\09 September\25-09-24\DataTrans_4.xlsx,xlsx,2024,09 September,25-09-24,2024-09-25,9,3,2024-09-25_004
data/Transactions/Transacciones\2024\09 September\26-09-24\DataTrans_0.csv,csv,2024,09 September,26-09-24,2024-09-26,9,3,2024-09-26_000
data/Transactions/Transacciones\2024\09 September\26-09-24\DataTrans_1.xlsx,xlsx,2024,09 September,26-09-24,2024-09-26,9,3,2024-09-26_001
data/Transactions/Transacciones\2024\09 September\26-09-24\DataTrans_2.xlsx,xlsx,2024,09 September,26-09-24,2024-09-26,9,3,2024-09-26_002
data/Transactions/Transacciones\2024\09 September\26-09-24\DataTrans_3.xlsx,xlsx,2024,09 September,26-09-24,2024-09-26,9,3,2024-09-26_003
data/Transactions/Transacciones\2024\09 September\26-09-24\DataTrans_4.csv,csv,2024,09 September,26-09-24,2024-09-26,9,3,2024-09-26_004
data/Transactions/Transacciones\2024\09 September\28-09-24\DataTrans_0.csv,csv,2024,09 September,28-09-24,2024-09-28,9,3,2024-09-28_000
data/Transactions/Transacciones\2024\09 September\28-09-24\DataTrans_1.csv,csv,2024,09 September,28-09-24,2024-09-28,9,3,2024-09-28_001
data/Transactions/Transacciones\2024\09 September\28-09-24\DataTrans_2.xlsx,xlsx,2024,09 September,28-09-24,2024-09-28,9,3,2024-09-28_002
data/Transactions/Transacciones\2024\09 September\29-09-24\DataTrans_0.csv,csv,2024,09 September,29-09-24,2024-09-29,9,3,2024-09-29_000
data/Transactions/Transacciones\2024\09 September\29-09-24\DataTrans_1.xlsx,xlsx,2024,09 September,29-09-24,2024-09-29,9,3,2024-09-29_001
data/Transactions/Transacciones\2024\09 September\29-09-24\DataTrans_2.xlsx,xlsx,2024,09 September,29-09-24,2024-09-29,9,3,2024-09-29_002
data/Transactions/Transacciones\2024\10 October\02-10-24\DataTrans_0.xlsx,xlsx,2024,10 October,02-10-24,2024-10-02,10,4,2024-10-02_000
data/Transactions/Transacciones\2024\10 October\02-10-24\DataTrans_1.xlsx,xlsx,2024,10 October,02-10-24,2024-10-02,10,4,2024-10-02_001
data/Transactions/Transacciones\2024\10 October\02-10-24\DataTrans_2.xlsx,xlsx,2024,10 October,02-10-24,2024-10-02,10,4,2024-10-02_002
data/Transactions/Transacciones\2024\10 October\02-10-24\DataTrans_3.xlsx,xlsx,2024,10 October,02-10-24,2024-10-02,10,4,2024-10-02_003
data/Transactions/Transacciones\2024\10 October\02-10-24\DataTrans_4.xlsx,xlsx,2024,10 October,02-10-24,2024-10-02,10,4,2024-10-02_004
data/Transactions/Transacciones\2024\10 October\05-10-24\DataTrans_0.csv,csv,2024,10 October,05-10-24,2024-10-05,10,4,2024-10-05_000
data/Transactions/Transacciones\2024\10 October\05-10-24\DataTrans_1.csv,csv,2024,10 October,05-10-24,2024-10-05,10,4,2024-10-05_001
data/Transactions/Transacciones\2024\10 October\05-10-24\DataTrans_2.csv,csv,2024,10 October,05-10-24,2024-10-05,10,4,2024-10-05_002
data/Transactions/Transacciones\2024\10 October\05-10-24\DataTrans_3.csv,csv,2024,10 October,05-10-24,2024-10-05,10,4,2024-10-05_003
data/Transactions/Transacciones\2024\10 October\07-10-24\DataTrans_0.xlsx,xlsx,2024,10 October,07-10-24,2024-10-07,10,4,2024-10-07_000
data/Transactions/Transacciones\2024\10 October\07-10-24\DataTrans_1.xlsx,xlsx,2024,10 October,07-10-24,2024-10-07,10,4,2024-10-07_001
data/Transactions/Transacciones\2024\10 October\07-10-24\DataTrans_2.csv,csv,2024,10 October,07-10-24,2024-10-07,10,4,2024-10-07_002
data/Transactions/Transacciones\2024\10 October\12-10-24\DataTrans_0.xlsx,xlsx,2024,10 October,12-10-24,2024-10-12,10,4,2024-10-12_000
data/Transactions/Transacciones\2024\10 October\12-10-24\DataTrans_1.xlsx,xlsx,2024,10 October,12-10-24,2024-10-12,10,4,2024-10-12_001
data/Transactions/Transacciones\2024\10 October\12-10-24\DataTrans_2.xlsx,xlsx,2024,10 October,12-10-24,2024-10-12,10,4,2024-10-12_002
data/Transactions/Transacciones\2024\10 October\13-10-24\DataTrans_0.xlsx,xlsx,2024,10 October,13-10-24,2024-10-13,10,4,2024-10-13_000
data/Transactions/Transacciones\2024\10 October\13-10-24\DataTrans_1.xlsx,xlsx,2024,10 October,13-10-24,2024-10-13,10,4,2024-10-13_001
data/Transactions/Transacciones\2024\10 October\13-10-24\DataTrans_2.xlsx,xlsx,2024,10 October,13-10-24,2024-10-13,10,4,2024-10-13_002
data/Transactions/Transacciones\2024\10 October\13-10-24\DataTrans_3.csv,csv,2024,10 October,13-10-24,2024-10-13,10,4,2024-10-13_003
data/Transactions/Transacciones\2024\10 October\16-10-24\DataTrans_0.xlsx,xlsx,2024,10 October,16-10-24,2024-10-16,10,4,2024-10-16_000
data/Transactions/Transacciones\2024\10 October\16-10-24\DataTrans_1.csv,csv,2024,10 October,16-10-24,2024-10-16,10,4,2024-10-16_001
data/Transactions/Transacciones\2024\10 October\16-10-24\DataTrans_2.xlsx,xlsx,2024,10 October,16-10-24,2024-10-16,10,4,2024-10-16_002
data/Transactions/Transacciones\2024\10 October\16-10-24\DataTrans_3.xlsx,xlsx,2024,10 October,16-10-24,2024-10-16,10,4,2024-10-16_003
data/Transactions/Transacciones\2024\10 October\16-10-24\DataTrans_4.xlsx,xlsx,2024,10 October,16-10-24,2024-10-16,10,4,2024-10-16_004
data/Transactions/Transacciones\2024\10 October\23-10-24\DataTrans_0.csv,csv,2024,10 October,23-10-24,2024-10-23,10,4,2024-10-23_000
data/Transactions/Transacciones\2024\10 October\23-10-24\DataTrans_0.xlsx,xlsx,2024,10 October,23-10-24,2024-10-23,10,4,2024-10-23_001
data/Transactions/Transacciones\2024\10 October\23-10-24\DataTrans_1.csv,csv,2024,10 October,23-10-24,2024-10-23,10,4,2024-10-23_002
data/Transactions/Transacciones\2024\10 October\23-10-24\DataTrans_1.xlsx,xlsx,2024,10 October,23-10-24,2024-10-23,10,4,2024-10-23_003
data/Transactions/Transacciones\2024\10 October\23-10-24\DataTrans_2.xlsx,xlsx,2024,10 October,23-10-24,2024-10-23,10,4,2024-10-23_004
data/Transactions/Transacciones\2024\10 October\25-10-24\DataTrans_0.csv,csv,2024,10 October,25-10-24,2024-10-25,10,4,2024-10-25_000
data/Transactions/Transacciones\2024\10 October\25-10-24\DataTrans_1.csv,csv,2024,10 October,25-10-24,2024-10-25,10,4,2024-10-25_001
data/Transactions/Transacciones\2024\10 October\25-10-24\DataTrans_2.xlsx,xlsx,2024,10 October,25-10-24,2024-10-25,10,4,2024-10-25_002
data/Transactions/Transacciones\2024\10 October\25-10-24\DataTrans_3.csv,csv,2024,10 October,25-10-24,2024-10-25,10,4,2024-10-25_003
data/Transactions/Transacciones\2024\10 October\26-10-24\DataTrans_0.csv,csv,2024,10 October,26-10-24,2024-10-26,10,4,2024-10-26_000
data/Transactions/Transacciones\2024\10 October\26-10-24\DataTrans_1.xlsx,xlsx,2024,10 October,26-10-24,2024-10-26,10,4,2024-10-26_001
data/Transactions/Transacciones\2024\10 October\26-10-24\DataTrans_2.csv,csv,2024,10 October,26-10-24,2024-10-26,10,4,2024-10-26_002
data/Transactions/Transacciones\2024\10 October\26-10-24\DataTrans_3.xlsx,xlsx,2024,10 October,26-10-24,2024-10-26,10,4,2024-10-26_003
data/Transactions/Transacciones\2024\10 October\26-10-24\DataTrans_4.csv,csv,2024,10 October,26-10-24,2024-10-26,10,4,2024-10-26_004
data/Transactions/Transacciones\2024\11 November\03-11-24\DataTrans_0.csv,csv,2024,11 November,03-11-24,2024-11-03,11,4,2024-11-03_000
data/Transactions/Transacciones\2024\11 November\03-11-24\DataTrans_1.csv,csv,2024,11 November,03-11-24,2024-11-03,11,4,2024-11-03_001
data/Transactions/Transacciones\2024\11 November\03-11-24\DataTrans_2.csv,csv,2024,11 November,03-11-24,2024-11-03,11,4,2024-11-03_002
data/Transactions/Transacciones\2024\11 November\03-11-24\DataTrans_3.xlsx,xlsx,2024,11 November,03-11-24,2024-11-03,11,4,2024-11-03_003
data/Transactions/Transacciones\2024\11 November\04-11-24\DataTrans_0.xlsx,xlsx,2024,11 November,04-11-24,2024-11-04,11,4,2024-11-04_000
data/Transactions/Transacciones\2024\11 November\04-11-24\DataTrans_1.xlsx,xlsx,2024,11 November,04-11-24,2024-11-04,11,4,2024-11-04_001
data/Transactions/Transacciones\2024\11 November\04-11-24\DataTrans_2.csv,csv,2024,11 November,04-11-24,2024-11-04,11,4,2024-11-04_002
data/Transactions/Transacciones\2024\11 November\04-11-24\DataTrans_3.xlsx,xlsx,2024,11 November,04-11-24,2024-11-04,11,4,2024-11-04_003
data/Transactions/Transacciones\2024\11 November\08-11-24\DataTrans_0.csv,csv,2024,11 November,08-11-24,2024-11-08,11,4,2024-11-08_000
data/Transactions/Transacciones\2024\11 November\08-11-24\DataTrans_0.xlsx,xlsx,2024,11 November,08-11-24,2024-11-08,11,4,2024-11-08_001
data/Transactions/Transacciones\2024\11 November\08-11-24\DataTrans_1.csv,csv,2024,11 November,08-11-24,2024-11-08,11,4,2024-11-08_002
data/Transactions/Transacciones\2024\11 November\08-11-24\DataTrans_2.csv,csv,2024,11 November,08-11-24,2024-11-08,11,4,2024-11-08_003
data/Transactions/Transacciones\2024\11 November\08-11-24\DataTrans_3.csv,csv,2024,11 November,08-11-24,2024-11-08,11,4,2024-11-08_004
data/Transactions/Transacciones\2024\11 November\10-11-24\DataTrans_0.csv,csv,2024,11 November,10-11-24,2024-11-10,11,4,2024-11-10_000
data/Transactions/Transacciones\2024\11 November\10-11-24\DataTrans_1.csv,csv,2024,11 November,10-11-24,2024-11-10,11,4,2024-11-10_001
data/Transactions/Transacciones\2024\11 November\10-11-24\DataTrans_2.xlsx,xlsx,2024,11 November,10-11-24,2024-11-10,11,4,2024-11-10_002
data/Transactions/Transacciones\2024\11 November\13-11-24\DataTrans_0.csv,csv,2024,11 November,13-11-24,2024-11-13,11,4,2024-11-13_000
data/Transactions/Transacciones\2024\11 November\13-11-24\DataTrans_0.xlsx,xlsx,2024,11 November,13-11-24,2024-11-13,11,4,2024-11-13_001
data/Transactions/Transacciones\2024\11 November\13-11-24\DataTrans_1.xlsx,xlsx,2024,11 November,13-11-24,2024-11-13,11,4,2024-11-13_002
data/Transactions/Transacciones\2024\11 November\13-11-24\DataTrans_2.xlsx,xlsx,2024,11 November,13-11-24,2024-11-13,11,4,2024-11-13_003
data/Transactions/Transacciones\2024\11 November\13-11-24\DataTrans_3.csv,csv,2024,11 November,13-11-24,2024-11-13,11,4,2024-11-13_004
data/Transactions/Transacciones\2024\11 November\13-11-24\DataTrans_4.xlsx,xlsx,2024,11 November,13-11-24,2024-11-13,11,4,2024-11-13_005
data/Transactions/Transacciones\2024\11 November\15-11-24\DataTrans_0.csv,csv,2024,11 November,15-11-24,2024-11-15,11,4,2024-11-15_000
data/Transactions/Transacciones\2024\11 November\15-11-24\DataTrans_0.xlsx,xlsx,2024,11 November,15-11-24,2024-11-15,11,4,2024-11-15_001
data/Transactions/Transacciones\2024\11 November\15-11-24\DataTrans_1.csv,csv,2024,11 November,15-11-24,2024-11-15,11,4,2024-11-15_002
data/Transactions/Transacciones\2024\11 November\15-11-24\DataTrans_2.csv,csv,2024,11 November,15-11-24,2024-11-15,11,4,2024-11-15_003
data/Transactions/Transacciones\2024\11 November\15-11-24\DataTrans_3.xlsx,xlsx,2024,11 November,15-11-24,2024-11-15,11,4,2024-11-15_004
data/Transactions/Transacciones\2024\11 November\19-11-24\DataTrans_0.xlsx,xlsx,2024,11 November,19-11-24,2024-11-19,11,4,2024-11-19_000
data/Transactions/Transacciones\2024\11 November\19-11-24\DataTrans_1.csv,csv,2024,11 November,19-11-24,2024-11-19,11,4,2024-11-19_001
data/Transactions/Transacciones\2024\11 November\20-11-24\DataTrans_0.xlsx,xlsx,2024,11 November,20-11-24,2024-11-20,11,4,2024-11-20_000
data/Transactions/Transacciones\2024\11 November\20-11-24\DataTrans_1.xlsx,xlsx,2024,11 November,20-11-24,2024-11-20,11,4,2024-11-20_001
data/Transactions/Transacciones\2024\11 November\20-11-24\DataTrans_2.csv,csv,2024,11 November,20-11-24,2024-11-20,11,4,2024-11-20_002
data/Transactions/Transacciones\2024\11 November\20-11-24\DataTrans_3.csv,csv,2024,11 November,20-11-24,2024-11-20,11,4,2024-11-20_003
data/Transactions/Transacciones\2024\11 November\26-11-24\DataTrans_0.csv,csv,2024,11 November,26-11-24,2024-11-26,11,4,2024-11-26_000
data/Transactions/Transacciones\2024\11 November\26-11-24\DataTrans_1.csv,csv,2024,11 November,26-11-24,2024-11-26,11,4,2024-11-26_001
data/Transactions/Transacciones\2024\11 November\26-11-24\DataTrans_2.xlsx,xlsx,2024,11 November,26-11-24,2024-11-26,11,4,2024-11-26_002
data/Transactions/Transacciones\2024\11 November\26-11-24\DataTrans_3.xlsx,xlsx,2024,11 November,26-11-24,2024-11-26,11,4,2024-11-26_003
data/Transactions/Transacciones\2024\11 November\26-11-24\DataTrans_4.csv,csv,2024,11 November,26-11-24,2024-11-26,11,4,2024-11-26_004
data/Transactions/Transacciones\2024\11 November\27-11-24\DataTrans_0.csv,csv,2024,11 November,27-11-24,2024-11-27,11,4,2024-11-27_000
data/Transactions/Transacciones\2024\11 November\27-11-24\DataTrans_1.xlsx,xlsx,2024,11 November,27-11-24,2024-11-27,11,4,2024-11-27_001
data/Transactions/Transacciones\2024\11 November\27-11-24\DataTrans_2.csv,csv,2024,11 November,27-11-24,2024-11-27,11,4,2024-11-27_002
data/Transactions/Transacciones\2024\11 November\27-11-24\DataTrans_3.xlsx,xlsx,2024,11 November,27-11-24,2024-11-27,11,4,2024-11-27_003
data/Transactions/Transacciones\2024\11 November\27-11-24\DataTrans_4.csv,csv,2024,11 November,27-11-24,2024-11-27,11,4,2024-11-27_004
data/Transactions/Transacciones\2024\11 November\28-11-24\DataTrans_0.csv,csv,2024,11 November,28-11-24,2024-11-28,11,4,2024-11-28_000
data/Transactions/Transacciones\2024\11 November\28-11-24\DataTrans_0.xlsx,xlsx,2024,11 November,28-11-24,2024-11-28,11,4,2024-11-28_001
data/Transactions/Transacciones\2024\11 November\28-11-24\DataTrans_1.csv,csv,2024,11 November,28-11-24,2024-11-28,11,4,2024-11-28_002
data/Transactions/Transacciones\2024\11 November\28-11-24\DataTrans_1.xlsx,xlsx,2024,11 November,28-11-24,2024-11-28,11,4,2024-11-28_003
data/Transactions/Transacciones\2024\11 November\28-11-24\DataTrans_2.xlsx,xlsx,2024,11 November,28-11-24,2024-11-28,11,4,2024-11-28_004
data/Transactions/Transacciones\2024\11 November\28-11-24\DataTrans_3.xlsx,xlsx,2024,11 November,28-11-24,2024-11-28,11,4,2024-11-28_005
data/Transactions/Transacciones\2024\11 November\28-11-24\DataTrans_4.xlsx,xlsx,2024,11 November,28-11-24,2024-11-28,11,4,2024-11-28_006
data/Transactions/Transacciones\2024\11 November\29-11-24\DataTrans_0.csv,csv,2024,11 November,29-11-24,2024-11-29,11,4,2024-11-29_000
data/Transactions/Transacciones\2024\11 November\29-11-24\DataTrans_0.xlsx,xlsx,2024,11 November,29-11-24,2024-11-29,11,4,2024-11-29_001
data/Transactions/Transacciones\2024\11 November\29-11-24\DataTrans_1.csv,csv,2024,11 November,29-11-24,2024-11-29,11,4,2024-11-29_002
data/Transactions/Transacciones\2024\11 November\29-11-24\DataTrans_2.xlsx,xlsx,2024,11 November,29-11-24,2024-11-29,11,4,2024-11-29_003
data/Transactions/Transacciones\2024\12 December\01-12-24\DataTrans_0.csv,csv,2024,12 December,01-12-24,2024-12-01,12,4,2024-12-01_000
data/Transactions/Transacciones\2024\12 December\01-12-24\DataTrans_0.xlsx,xlsx,2024,12 December,01-12-24,2024-12-01,12,4,2024-12-01_001
data/Transactions/Transacciones\2024\12 December\01-12-24\DataTrans_1.csv,csv,2024,12 December,01-12-24,2024-12-01,12,4,2024-12-01_002
data/Transactions/Transacciones\2024\12 December\01-12-24\DataTrans_1.xlsx,xlsx,2024,12 December,01-12-24,2024-12-01,12,4,2024-12-01_003
data/Transactions/Transacciones\2024\12 December\01-12-24\DataTrans_2.xlsx,xlsx,2024,12 December,01-12-24,2024-12-01,12,4,2024-12-01_004
data/Transactions/Transacciones\2024\12 December\02-12-24\DataTrans_0.csv,csv,2024,12 December,02-12-24,2024-12-02,12,4,2024-12-02_000
data/Transactions/Transacciones\2024\12 December\02-12-24\DataTrans_0.xlsx,xlsx,2024,12 December,02-12-24,2024-12-02,12,4,2024-12-02_001
data/Transactions/Transacciones\2024\12 December\02-12-24\DataTrans_1.csv,csv,2024,12 December,02-12-24,2024-12-02,12,4,2024-12-02_002
data/Transactions/Transacciones\2024\12 December\02-12-24\DataTrans_1.xlsx,xlsx,2024,12 December,02-12-24,2024-12-02,12,4,2024-12-02_003
data/Transactions/Transacciones\2024\12 December\02-12-24\DataTrans_2.csv,csv,2024,12 December,02-12-24,2024-12-02,12,4,2024-12-02_004
data/Transactions/Transacciones\2024\12 December\02-12-24\DataTrans_3.csv,csv,2024,12 December,02-12-24,2024-12-02,12,4,2024-12-02_005
data/Transactions/Transacciones\2024\12 December\02-12-24\DataTrans_3.xlsx,xlsx,2024,12 December,02-12-24,2024-12-02,12,4,2024-12-02_006
data/Transactions/Transacciones\2024\12 December\02-12-24\DataTrans_4.csv,csv,2024,12 December,02-12-24,2024-12-02,12,4,2024-12-02_007
data/Transactions/Transacciones\2024\12 December\03-12-24\DataTrans_0.csv,csv,2024,12 December,03-12-24,2024-12-03,12,4,2024-12-03_000
data/Transactions/Transacciones\2024\12 December\03-12-24\DataTrans_1.csv,csv,2024,12 December,03-12-24,2024-12-03,12,4,2024-12-03_001
data/Transactions/Transacciones\2024\12 December\03-12-24\DataTrans_1.xlsx,xlsx,2024,12 December,03-12-24,2024-12-03,12,4,2024-12-03_002
data/Transactions/Transacciones\2024\12 December\03-12-24\DataTrans_2.xlsx,xlsx,2024,12 December,03-12-24,2024-12-03,12,4,2024-12-03_003
data/Transactions/Transacciones\2024\12 December\03-12-24\DataTrans_3.xlsx,xlsx,2024,12 December,03-12-24,2024-12-03,12,4,2024-12-03_004
data/Transactions/Transacciones\2024\12 December\04-12-24\DataTrans_0.csv,csv,2024,12 December,04-12-24,2024-12-04,12,4,2024-12-04_000
data/Transactions/Transacciones\2024\12 December\04-12-24\DataTrans_1.csv,csv,2024,12 December,04-12-24,2024-12-04,12,4,2024-12-04_001
data/Transactions/Transacciones\2024\12 December\04-12-24\DataTrans_1.xlsx,xlsx,2024,12 December,04-12-24,2024-12-04,12,4,2024-12-04_002
data/Transactions/Transacciones\2024\12 December\04-12-24\DataTrans_2.csv,csv,2024,12 December,04-12-24,2024-12-04,12,4,2024-12-04_003
data/Transactions/Transacciones\2024\12 December\04-12-24\DataTrans_2.xlsx,xlsx,2024,12 December,04-12-24,2024-12-04,12,4,2024-12-04_004
data/Transactions/Transacciones\2024\12 December\04-12-24\DataTrans_3.csv,csv,2024,12 December,04-12-24,2024-12-04,12,4,2024-12-04_005
data/Transactions/Transacciones\2024\12 December\04-12-24\DataTrans_3.xlsx,xlsx,2024,12 December,04-12-24,2024-12-04,12,4,2024-12-04_006
data/Transactions/Transacciones\2024\12 December\04-12-24\DataTrans_4.csv,csv,2024,12 December,04-12-24,2024-12-04,12,4,2024-12-04_007
data/Transactions/Transacciones\2024\12 December\05-12-24\DataTrans_0.csv,csv,2024,12 December,05-12-24,2024-12-05,12,4,2024-12-05_000
data/Transactions/Transacciones\2024\12 December\05-12-24\DataTrans_1.xlsx,xlsx,2024,12 December,05-12-24,2024-12-05,12,4,2024-12-05_001
data/Transactions/Transacciones\2024\12 December\05-12-24\DataTrans_2.csv,csv,2024,12 December,05-12-24,2024-12-05,12,4,2024-12-05_002
data/Transactions/Transacciones\2024\12 December\05-12-24\DataTrans_3.xlsx,xlsx,2024,12 December,05-12-24,2024-12-05,12,4,2024-12-05_003
data/Transactions/Transacciones\2024\12 December\09-12-24\DataTrans_0.csv,csv,2024,12 December,09-12-24,2024-12-09,12,4,2024-12-09_000
data/Transactions/Transacciones\2024\12 December\09-12-24\DataTrans_1.xlsx,xlsx,2024,12 December,09-12-24,2024-12-09,12,4,2024-12-09_001
data/Transactions/Transacciones\2024\12 December\09-12-24\DataTrans_2.csv,csv,2024,12 December,09-12-24,2024-12-09,12,4,2024-12-09_002
data/Transactions/Transacciones\2024\12 December\09-12-24\DataTrans_3.xlsx,xlsx,2024,12 December,09-12-24,2024-12-09,12,4,2024-12-09_003
data/Transactions/Transacciones\2024\12 December\09-12-24\DataTrans_4.csv,csv,2024,12 December,09-12-24,2024-12-09,12,4,2024-12-09_004
data/Transactions/Transacciones\2024\12 December\13-12-24\DataTrans_0.xlsx,xlsx,2024,12 December,13-12-24,2024-12-13,12,4,2024-12-13_000
data/Transactions/Transacciones\2024\12 December\13-12-24\DataTrans_1.csv,csv,2024,12 December,13-12-24,2024-12-13,12,4,2024-12-13_001
data/Transactions/Transacciones\2024\12 December\13-12-24\DataTrans_2.xlsx,xlsx,2024,12 December,13-12-24,2024-12-13,12,4,2024-12-13_002
data/Transactions/Transacciones\2024\12 December\15-12-24\DataTrans_0.xlsx,xlsx,2024,12 December,15-12-24,2024-12-15,12,4,2024-12-15_000
data/Transactions/Transacciones\2024\12 December\15-12-24\DataTrans_1.xlsx,xlsx,2024,12 December,15-12-24,2024-12-15,12,4,2024-12-15_001
data/Transactions/Transacciones\2024\12 December\15-12-24\DataTrans_2.xlsx,xlsx,2024,12 December,15-12-24,2024-12-15,12,4,2024-12-15_002
data/Transactions/Transacciones\2024\12 December\15-12-24\DataTrans_3.xlsx,xlsx,2024,12 December,15-12-24,2024-12-15,12,4,2024-12-15_003
data/Transactions/Transacciones\2024\12 December\18-12-24\DataTrans_0.csv,csv,2024,12 December,18-12-24,2024-12-18,12,4,2024-12-18_000
data/Transactions/Transacciones\2024\12 December\18-12-24\DataTrans_0.xlsx,xlsx,2024,12 December,18-12-24,2024-12-18,12,4,2024-12-18_001
data/Transactions/Transacciones\2024\12 December\18-12-24\DataTrans_1.csv,csv,2024,12 December,18-12-24,2024-12-18,12,4,2024-12-18_002
data/Transactions/Transacciones\2024\12 December\18-12-24\DataTrans_1.xlsx,xlsx,2024,12 December,18-12-24,2024-12-18,12,4,2024-12-18_003
data/Transactions/Transacciones\2024\12 December\18-12-24\DataTrans_2.csv,csv,2024,12 December,18-12-24,2024-12-18,12,4,2024-12-18_004
data/Transactions/Transacciones\2024\12 December\18-12-24\DataTrans_3.xlsx,xlsx,2024,12 December,18-12-24,2024-12-18,12,4,2024-12-18_005
data/Transactions/Transacciones\2024\12 December\20-12-24\DataTrans_0.xlsx,xlsx,2024,12 December,20-12-24,2024-12-20,12,4,2024-12-20_000
data/Transactions/Transacciones\2024\12 December\20-12-24\DataTrans_1.csv,csv,2024,12 December,20-12-24,2024-12-20,12,4,2024-12-20_001
data/Transactions/Transacciones\2024\12 December\20-12-24\DataTrans_2.xlsx,xlsx,2024,12 December,20-12-24,2024-12-20,12,4,2024-12-20_002
data/Transactions/Transacciones\2024\12 December\21-12-24\DataTrans_0.csv,csv,2024,12 December,21-12-24,2024-12-21,12,4,2024-12-21_000
data/Transactions/Transacciones\2024\12 December\21-12-24\DataTrans_1.csv,csv,2024,12 December,21-12-24,2024-12-21,12,4,2024-12-21_001
data/Transactions/Transacciones\2024\12 December\23-12-24\DataTrans_0.xlsx,xlsx,2024,12 December,23-12-24,2024-12-23,12,4,2024-12-23_000
data/Transactions/Transacciones\2024\12 December\23-12-24\DataTrans_1.xlsx,xlsx,2024,12 December,23-12-24,2024-12-23,12,4,2024-12-23_001
data/Transactions/Transacciones\2024\12 December\23-12-24\DataTrans_2.xlsx,xlsx,2024,12 December,23-12-24,2024-12-23,12,4,2024-12-23_002
data/Transactions/Transacciones\2024\12 December\23-12-24\DataTrans_3.xlsx,xlsx,2024,12 December,23-12-24,2024-12-23,12,4,2024-12-23_003
data/Transactions/Transacciones\2024\12 December\23-12-24\DataTrans_4.csv,csv,2024,12 December,23-12-24,2024-12-23,12,4,2024-12-23_004
data/Transactions/Transacciones\2024\12 December\24-12-24\DataTrans_0.xlsx,xlsx,2024,12 December,24-12-24,2024-12-24,12,4,2024-12-24_000
data/Transactions/Transacciones\2024\12 December\24-12-24\DataTrans_1.csv,csv,2024,12 December,24-12-24,2024-12-24,12,4,2024-12-24_001
data/Transactions/Transacciones\2024\12 December\24-12-24\DataTrans_2.xlsx,xlsx,2024,12 December,24-12-24,2024-12-24,12,4,2024-12-24_002
data/Transactions/Transacciones\2024\12 December\25-12-24\DataTrans_0.csv,csv,2024,12 December,25-12-24,2024-12-25,12,4,2024-12-25_000
data/Transactions/Transacciones\2024\12 December\25-12-24\DataTrans_1.xlsx,xlsx,2024,12 December,25-12-24,2024-12-25,12,4,2024-12-25_001
data/Transactions/Transacciones\2024\12 December\25-12-24\DataTrans_2.xlsx,xlsx,2024,12 December,25-12-24,2024-12-25,12,4,2024-12-25_002
data/Transactions/Transacciones\2024\12 December\25-12-24\DataTrans_3.xlsx,xlsx,2024,12 December,25-12-24,2024-12-25,12,4,2024-12-25_003
data/Transactions/Transacciones\2024\12 December\27-12-24\DataTrans_0.xlsx,xlsx,2024,12 December,27-12-24,2024-12-27,12,4,2024-12-27_000
data/Transactions/Transacciones\2024\12 December\27-12-24\DataTrans_1.xlsx,xlsx,2024,12 December,27-12-24,2024-12-27,12,4,2024-12-27_001
data/Transactions/Transacciones\2024\12 December\27-12-24\DataTrans_2.csv,csv,2024,12 December,27-12-24,2024-12-27,12,4,2024-12-27_002
data/Transactions/Transacciones\2024\12 December\28-12-24\DataTrans_0.csv,csv,2024,12 December,28-12-24,2024-12-28,12,4,2024-12-28_000
data/Transactions/Transacciones\2024\12 December\28-12-24\DataTrans_0.xlsx,xlsx,2024,12 December,28-12-24,2024-12-28,12,4,2024-12-28_001
data/Transactions/Transacciones\2024\12 December\28-12-24\DataTrans_1.xlsx,xlsx,2024,12 December,28-12-24,2024-12-28,12,4,2024-12-28_002
data/Transactions/Transacciones\2024\12 December\28-12-24\DataTrans_2.csv,csv,2024,12 December,28-12-24,2024-12-28,12,4,2024-12-28_003
data/Transactions/Transacciones\2024\12 December\28-12-24\DataTrans_3.xlsx,xlsx,2024,12 December,28-12-24,2024-12-28,12,4,2024-12-28_004
data/Transactions/Transacciones\2024\12 December\29-12-24\DataTrans_0.csv,csv,2024,12 December,29-12-24,2024-12-29,12,4,2024-12-29_000
data/Transactions/Transacciones\2024\12 December\29-12-24\DataTrans_0.xlsx,xlsx,2024,12 December,29-12-24,2024-12-29,12,4,2024-12-29_001
data/Transactions/Transacciones\2024\12 December\29-12-24\DataTrans_1.xlsx,xlsx,2024,12 December,29-12-24,2024-12-29,12,4,2024-12-29_002
data/Transactions/Transacciones\2024\12 December\29-12-24\DataTrans_2.csv,csv,2024,12 December,29-12-24,2024-12-29,12,4,2024-12-29_003
data/Transactions/Transacciones\2024\12 December\29-12-24\DataTrans_3.csv,csv,2024,12 December,29-12-24,2024-12-29,12,4,2024-12-29_004
data/Transactions/Transacciones\2024\12 December\29-12-24\DataTrans_3.xlsx,xlsx,2024,12 December,29-12-24,2024-12-29,12,4,2024-12-29_005
data/Transactions/Transacciones\2024\12 December\29-12-24\DataTrans_4.csv,csv,2024,12 December,29-12-24,2024-12-29,12,4,2024-12-29_006
data/Transactions/Transacciones\2024\12 December\29-12-24\DataTrans_4.xlsx,xlsx,2024,12 December,29-12-24,2024-12-29,12,4,2024-12-29_007
